title,image_url
One of my favorite scenes from 30 Rock,http://i.imgur.com/jlkezQv.jpg
My father in law is a contractor. This is him installing a mirror.,http://i.imgur.com/INzdMc1.jpg
Directed by Steven Spielberg,http://i.imgur.com/cUPZikB.png
bitch please level: german nightclub,http://i.imgur.com/amicIQR.jpg
This face is kind of familiar,http://i.imgur.com/UC1Y4O1.jpg
Uplifting poster in my college today,http://i.imgur.com/c4K5Jiv.jpg
Well played...,http://i.imgur.com/db5bQzQ.jpg
What I thought when I saw the Richard III reconstruction,http://i.imgur.com/jsAYPks.jpg
My candidate for the ballsiest man alive,http://i.imgur.com/Y369Mud.jpg
And thats how it happened...,http://i.imgur.com/zWvwCrT.jpg
well I feel comforted,http://i.imgur.com/gOTKD.png
"Get your s**t together, Amelia...",http://i.imgur.com/yY3d8qL.jpg
Someone tied up two of their kids outside the coffee shop this morning,http://i.imgur.com/XOlpIqi.jpg
Denim Couch,http://i.imgur.com/lR8RdO4.jpg
Who wore it better?,http://i.imgur.com/vVj087U.png
"1) Get your child to squash up against a window2) Take photo3) Set as phone background4) Child is 'stuck in' phone",http://i.imgur.com/UD5PJV3.jpg
As much as I hate this meme it made me laugh.,http://i.imgur.com/LxCOSyC.jpg
There's this energy drink called pussy. An ad agency from London had to come up with an headline for the ad. The agency totally delivered.,http://i.imgur.com/sUwcn.jpg
I know there are some of you out there that can relate...,http://i.imgur.com/XnGOPgF.jpg
What we're all thinking,http://i.imgur.com/FMeNqiB.jpg
Ancient Aliens guy,http://i.imgur.com/XHMahvB.png
Need to get me one of these,http://i.imgur.com/buCnevz.jpg
"Bad Ass Security Guard after getting his $20,000 in donations..",http://i.imgur.com/SEhKZwz.jpg
"Jon Stewart on the ""War on Christmas""",http://i.imgur.com/qR467.jpg
"When my friends send me something I don't understand, I send them this.",http://i.imgur.com/DgMAeYE.jpg
RIP...,http://i.imgur.com/mm4PTMX.jpg
Found this student response today in class..,http://i.imgur.com/Vq6Y3LD.jpg
Me thuggin' back in the day.,http://i.imgur.com/QOQW42m.jpg
Too soon?,http://i.imgur.com/Difj3A7.jpg
I work in retail. Someone turned in a cell phone that they found. Then this girl called.,http://i.imgur.com/gejY7.jpg
"They haven't picked a name yet, but they are referring to it as ""Ducky"" until they do.",http://i.imgur.com/JMQYeFD.png
There are those who can't enjoy milk,http://i.imgur.com/522AiLH.jpg
There was fresh catnip at the farmer's market last week.,http://i.imgur.com/52Ouq.jpg
Come at me BRO!,http://i.imgur.com/jvDtO.jpg
The have a word for it.,http://i.imgur.com/47q9CYv.png
"well, at least she got a good picture out of it..",http://i.imgur.com/ciyP4.jpg
Dang.,http://i.imgur.com/zmF94.jpg
Japan gets true love right,http://i.imgur.com/yA7Up.jpg
Smacked in the face,http://i.imgur.com/Cxfi0Ry.jpg
Walking the dog when suddenly ... how to roll a 5 the hard way.,http://i.imgur.com/tO7qlNv.jpg
Battle strategies.,http://i.imgur.com/474Lk.jpg
Mother of flags,http://i.imgur.com/OKIxTC0.png
The Wild Adventures of Karma Man!!!! (my first comic),http://i.imgur.com/YXDMY.jpg
I love my friends.,http://i.imgur.com/74NWO.jpg
Snow problem?,http://i.imgur.com/ZUUSm.jpg
Just did this. Was not disappointed.,http://i.imgur.com/R0vDo.jpg
Knowledge is Power,http://i.imgur.com/Ln0gH4Z.jpg
How I feel accepting college loans,http://i.imgur.com/YiO3j.jpg
He'll make an excellent father,http://i.imgur.com/pYupG.jpg
/r/spacedicks didn't appreciate this,http://i.imgur.com/xExrlgO.jpg
Gotta love Club Penguin..,http://i.imgur.com/qgUia.jpg
"So, I watching the news this morning..",http://i.imgur.com/sBs0M.jpg
So lonely,http://i.imgur.com/6OCbDHQ.png
Is there life after death?,http://i.imgur.com/ki3X1uM.jpg
My warehouse at work: I guess they didn't get the memo...,http://i.imgur.com/d8iR0ee.jpg
"Wife shared this on Facebook, everyone thought I was standing in the cart to reach the top shelf!",http://i.imgur.com/tZ4kigl.jpg
Duck Face Level: 99,http://i.imgur.com/sMAUl.jpg
"Hey, I just killed you.",http://i.imgur.com/Vy7fi.jpg
The elusive lady-mullet.,http://i.imgur.com/3Zi6Mxz.jpg
I hate my job...,http://i.imgur.com/MBhDt.jpg
Everytime I cook something,http://i.imgur.com/72ifp.png
Moms vc Dads,http://i.imgur.com/xIi4a.jpg
Apparently it's been a bit wet up north in Australia...,http://i.imgur.com/azDG4PL.jpg
"My high school had a Career dress-up day, this is what my friend decided to go as",http://i.imgur.com/McIUz.jpg
Best summary of World War II,http://i.imgur.com/69iyu.jpg
So i saw longcats evil brother at the store,http://i.imgur.com/ChyRM.jpg
Lieutenant Dan...,http://i.imgur.com/WbWwhLC.jpg
Why is furniture adding me?,http://i.imgur.com/7c0PD.jpg
4chan on fighting,http://i.imgur.com/Ttrq5.jpg
Apparently this chick hates Justin Bieber as much as I do,http://i.imgur.com/AaN5w.png
"I, too, enjoyed the Fairly Odd Parents.",http://i.imgur.com/tmOSR.png
Kids in Cleveland these days...,http://i.imgur.com/DRUt9.png
I love Bill Hader.,http://i.imgur.com/HsWSM.jpg
I SAID.....GIVE ME ALL YOUR MARBLES!!,http://i.imgur.com/1eDO0.jpg
Dammit Scotty,http://i.imgur.com/5C0py.jpg
seriously katie,http://i.imgur.com/z6mlD.jpg
I hate this feeling!,http://i.imgur.com/AYSsW.jpg
ONCE.,http://i.imgur.com/yoThD.jpg
A friend of mine recently broke his arm. This is what he woke up to after a night spent with friends...,http://i.imgur.com/1WZ9C.jpg
A wolf came to my window...my cat was not happy,http://i.imgur.com/HM4fmBY.jpg
"Thanks for the Salt Lake City souvenir, roomie...",http://i.imgur.com/qvOpi.jpg
You wanted a protest - you got it!,http://i.imgur.com/LlQjD.png
drunk...,http://i.imgur.com/oMJrL.png
RUN!,http://i.imgur.com/aoFDtlj.jpg
Our first Halloween together... Nailed it.,http://i.imgur.com/G2OSA.jpg
Found this in a bathroom stall today.,http://i.imgur.com/NzR4K.jpg
So a friend took a girl home last night but had to go to work this morning; this is what he gets to return home to.,http://i.imgur.com/sVCNF.jpg
My Basement Got no Business Looking Like This,http://i.imgur.com/Wxp4v.jpg
Made my bus trip brighter,http://i.imgur.com/Q5VMb.jpg
I really hate it when Ke$ha uses the bathroom before me.,http://i.imgur.com/qDDpm.png
Toilet humor.,http://i.imgur.com/jFkSc.jpg
I don't think the marketing team behind The Hobbit really thought this ad placement through,http://i.imgur.com/Qfp5l.jpg
My dad just got a Mac and won't stop sending me these pictures,http://i.imgur.com/BkE3D.jpg
"My pup just got seriously busted, and he knows it...",http://i.imgur.com/uhRDq.jpg
wait...this is a great idea!,http://i.imgur.com/O9kvm.png
Jacob Wants To Be Brutal.,http://i.imgur.com/A24Re.jpg
"If this is how we congratulate children, the future sure is looking bleak.",http://i.imgur.com/WrckO.jpg
So that's how it's made...,http://i.imgur.com/DZ2En.jpg
"Poor guy, doesn't have enough money to buy a table...",http://i.imgur.com/r8SIt.jpg
So well said.,http://i.imgur.com/T8Chf.jpg
I don't use the MENS room.,http://i.imgur.com/YVkjw.jpg
"Taking a survey for credits at my college. White guy wines and dines, then morphs into black guy to rape the girl.",http://i.imgur.com/15XYp4w.png
There's at least one in every class...,http://i.imgur.com/YuEei.jpg
Mars: 6   Earth: 0,http://i.imgur.com/bPaoM.jpg
"how i feel reading all the post about summer heat, and gettin to work indoors.",http://i.imgur.com/UDONx.jpg
Honest roommate. Safe to say I didn't text back...,http://i.imgur.com/igskC.jpg
Carl Lifts,http://i.imgur.com/Z2ZhM.jpg
You know you live in 'sunny' Scotland when...,http://i.imgur.com/FCZOS.jpg
Why Canada is boss,http://i.imgur.com/O7tUH.jpg
Looks like urine trouble,http://i.imgur.com/hUNjN.jpg
I love Ice-T,http://i.imgur.com/4cMpN.jpg
I've never moved so fast for the remote IN MY LIFE.,http://i.imgur.com/Cheix.jpg
Proof! cats equal loneliness,http://i.imgur.com/5UC8Q.jpg
Waiting...,http://i.imgur.com/exR58.jpg
Gotta...,http://i.imgur.com/ciYcn.jpg
The o__o face for real,http://i.imgur.com/wdsQ5.jpg
"I was eating salad, and this olive kept giving me this weird look...",http://i.imgur.com/u5ZS3.jpg
Bros before hoes...haha Michael is my favourite,http://i.imgur.com/eh4cv.png
Closed for maintenance.,http://i.imgur.com/jSfHM.jpg
I guess you could say that.,http://i.imgur.com/X43uP.jpg
He went to Jared!,http://i.imgur.com/CAs9Y.jpg
My dog fell asleep in a weird position,http://i.imgur.com/QBmC1.png
Stop laughing. I am so f'ing serious right now.,http://i.imgur.com/VMSgM.jpg
I love YouTube sometimes,http://i.imgur.com/RdqUS.png
So a guy I used to work with proposed the other day..,http://i.imgur.com/meEVi.jpg
"Beyonce: ""Do you even lift, bro?""",http://i.imgur.com/Paoa43H.png
So my friend recently broke up with his boyfriend...,http://i.imgur.com/SHJ4G.png
I CAN FLY!,http://i.imgur.com/t3MiM.jpg
"So the coordinates 44 14'39.77""N 7ŒÁ46'10.71""E on Google Maps point to something strange in Italy",http://i.imgur.com/L5ou1.jpg
Earth : Patch Notes,http://i.imgur.com/z5bnO.png
Toyota troll,http://i.imgur.com/zmiTO.jpg
It's a miracle!,http://i.imgur.com/wpYO0.jpg
How stupid can you be?,http://i.imgur.com/SytFU.jpg
Because FUCK the rules.,http://i.imgur.com/hdSUp.jpg
every meteorologist I know loved this.,http://i.imgur.com/SOUD6.jpg
This just happened...,http://i.imgur.com/re6hH.jpg
How I feel after IHOP,http://i.imgur.com/F8Cc1.jpg
"In Europe, we take care of all aspects of your clubbing experience!",http://i.imgur.com/ZOQMU.jpg
Wait just a damn minute here,http://i.imgur.com/80XSS.jpg
Looks like we know who the badass in our English class is....,http://i.imgur.com/Uij9R.jpg
Best license plate EVAR,http://i.imgur.com/O48ZS.jpg
"yes, he can.",http://i.imgur.com/7CuYY.png
I don't have internet in my new apartment. I have to resort to alternative fapping material.,http://i.imgur.com/8aDwY.jpg
"Alone, walking on a nature trail, then I find this.",http://i.imgur.com/JJUaV.jpg
WOOSH.,http://i.imgur.com/2ioDQ.jpg
oldie but goodie via /r/funny tonight,http://i.imgur.com/ZsZUt.png
This thought keeps him up at night.,http://i.imgur.com/5DC11.jpg
Genius way to solve obesity.,http://i.imgur.com/5MOZY.jpg
Are you in good hands?,http://i.imgur.com/5eXnM.jpg
I found this comment on a porn video. This guy is a porn connoisseur,http://i.imgur.com/8Q1TY.png
I challenge you to find a better license plate.,http://i.imgur.com/RsCES.png
So I tried to buy the cell phone number '021 kenobi'...,http://i.imgur.com/nGiR3.png
"So, would you say you're jew...ish?",http://i.imgur.com/iOenO.jpg
"You fall in love, you lose.",http://i.imgur.com/y8KMK.jpg
Advertising at its finest,http://i.imgur.com/0RCoF.png
That's one way to stay positive.,http://i.imgur.com/9KDyJ.png
Face blur fail ,http://i.imgur.com/z9zDy.jpg
How were you born?,http://i.imgur.com/dKxOU.jpg
EXCELLENT,http://i.imgur.com/NareU.jpg
Soon?,http://i.imgur.com/6tU7X.jpg
I am terrified of this situation. ,http://i.imgur.com/L82xe.jpg
This wood looks terrified,http://i.imgur.com/s41QZ.jpg
The view from my friends toilet seat.,http://i.imgur.com/ea4AG.jpg
My March Madness bracket this year,http://i.imgur.com/CwrS2.png
I send this to the company's IT guy everytime I want to piss him off,http://i.imgur.com/Ym98f.jpg
Nice try kid,http://i.imgur.com/7rtHi.jpg
4chan on abortion,http://i.imgur.com/K2hCW.png
Da fuck did i just read,http://i.imgur.com/DUebT.jpg
Over 250,http://i.imgur.com/LySib.jpg
Splooge!,http://i.imgur.com/pDs6g.jpg
"New Favorite ""SOON""",http://i.imgur.com/UdFpU.jpg
Dedicated clothing store employee,http://i.imgur.com/BD4eK.jpg
Do republicans care about you?,http://i.imgur.com/bWWH5.jpg
"What the British mean when they say ""Quite good""",http://i.imgur.com/eyJNd.png
Found in my friends refrigerator... ,http://i.imgur.com/OR2hq.jpg
My friend wanted an iPad for her birthday...,http://i.imgur.com/SGm5m.jpg
Friendzone Reality ,http://i.imgur.com/V5FJi.png
Smiley! erm...,http://i.imgur.com/CxDy9.jpg
LIKE A BOSS!!!,http://i.imgur.com/ro1I4.jpg
Vanity.,http://i.imgur.com/6EMAD.jpg
The Diet Fork,http://i.imgur.com/ZUDnO.jpg
Google glasses reality ,http://i.imgur.com/XUPa5.jpg
"Wait a minute, what kind of person does Amazon think I am?",http://i.imgur.com/3CBmI.png
I don't think the network censors know what this means yet ...,http://i.imgur.com/odBCV.jpg
What the fuck is wrong with...,http://i.imgur.com/Mytad.jpg
Maybe its just me,http://i.imgur.com/VyHSq.png
Men Have Simple Minds ,http://i.imgur.com/Cek1K.jpg
Calvin and Hobbes gets you karma now? This one has always been my favorite.,http://i.imgur.com/GESlV.jpg
"Damn you, Japan.  You banned the one thing that would make my trip to the Kaiyukan Aquarium complete. ",http://i.imgur.com/LeSpO.jpg
TIL Cuba has magical hurricane repelling powers.,http://i.imgur.com/BeCt9.png
Sexy lettuce,http://i.imgur.com/gdPdS.jpg
Sorry about that...,http://i.imgur.com/OeWtK.jpg
"So I found out you can change your Netflix ""company"" name to anything you want, and I think I made a friend.",http://i.imgur.com/ZIO2Y.jpg
Amusing Conan O'Brien's insight on CNN And Egypt,http://i.imgur.com/gyD44.jpg
Look what I found..,http://i.imgur.com/GKMiU.jpg
EVERY time it starts snowing.,http://i.imgur.com/5wCuV.jpg
Nerdy Joke Time!,http://i.imgur.com/3SriQ.jpg
This definition doesn't seem to be very helpful...,http://i.imgur.com/5Ic0y.png